Apalachia,Apalachia
BlueRidge,Blue Ridge
Boone,Boone
Chatuge,Chatuge
Cherokee,Cherokee
Chikamauga,Chickamauga
Douglas,Douglas
Fontana,Fontana
FtLoudoun,Fort Loudoun
FtPatrick,Fort Patrick Henry
Guntersville,Guntersville
Hiwassee,Hiwassee
Kentucky,Kentucky
MeltonH,Melton Hill
Nikajack,Nickajack
Norris,Norris
Nottely,Nottely
Ocoee1,Ocoee #1
Ocoee3,Ocoee #3
Pickwick,Pickwick Landing
SHolston,South Holston
TimsFord,Tims Ford
Watauga,Watauga
WattsBar,Watts Bar
Wheeler,Wheeler
Wilbur,Wilbur
Wilson,Wilson